"filename", "language", "Python", "JSON", "comment", "blank", "total"
"/Users/ianmessa/Desktop/Scripts/thesis/src/UQ/GPR.py", "Python", 46, 0, 17, 6, 69
"/Users/ianmessa/Desktop/Scripts/thesis/src/UQ/__init__.py", "Python", 0, 0, 0, 1, 1
"/Users/ianmessa/Desktop/Scripts/thesis/src/__init__.py", "Python", 4, 0, 0, 0, 4
"/Users/ianmessa/Desktop/Scripts/thesis/src/numerics/__init__.py", "Python", 4, 0, 0, 0, 4
"/Users/ianmessa/Desktop/Scripts/thesis/src/numerics/integrate.py", "Python", 83, 0, 222, 33, 338
"/Users/ianmessa/Desktop/Scripts/thesis/src/numerics/misc.py", "Python", 14, 0, 5, 1, 20
"/Users/ianmessa/Desktop/Scripts/thesis/src/numerics/sketches.ipynb", "JSON", 0, 68, 0, 1, 69
"/Users/ianmessa/Desktop/Scripts/thesis/src/numerics/sobol.py", "Python", 54, 0, 61, 26, 141
"/Users/ianmessa/Desktop/Scripts/thesis/src/numerics/spectral.py", "Python", 58, 0, 80, 19, 157
"/Users/ianmessa/Desktop/Scripts/thesis/src/seismic/ASK14.py", "Python", 111, 0, 7, 33, 151
"/Users/ianmessa/Desktop/Scripts/thesis/src/seismic/BSSA14.py", "Python", 80, 0, 5, 17, 102
"/Users/ianmessa/Desktop/Scripts/thesis/src/seismic/CB14.py", "Python", 110, 0, 2, 19, 131
"/Users/ianmessa/Desktop/Scripts/thesis/src/seismic/CY14.py", "Python", 90, 0, 9, 18, 117
"/Users/ianmessa/Desktop/Scripts/thesis/src/seismic/Idriss14.py", "Python", 40, 0, 11, 10, 61
"/Users/ianmessa/Desktop/Scripts/thesis/src/seismic/__init__.py", "Python", 8, 0, 0, 0, 8
"/Users/ianmessa/Desktop/Scripts/thesis/src/seismic/data_sketches.ipynb", "JSON", 0, 131, 0, 1, 132
"/Users/ianmessa/Desktop/Scripts/thesis/src/seismic/epistemic_AAY14.py", "Python", 14, 0, 0, 3, 17
"/Users/ianmessa/Desktop/Scripts/thesis/src/seismic/gm_utils.py", "Python", 187, 0, 119, 62, 368
"/Users/ianmessa/Desktop/Scripts/thesis/src/sketches.ipynb", "JSON", 0, 363, 0, 1, 364
"/Users/ianmessa/Desktop/Scripts/thesis/src/slide_viz.py", "Python", 24, 0, 10, 3, 37
"Total", "-", 927, 562, 548, 254, 2291